{"ProjectName":0,"PanTyp":4110,"InvLif":10,"PrjLif":20,"ModSta":"01\/06\/2014","PrjTyp":"GroundmountPVArray","PrjLoc":"Cornwall","OprCosInf":2.1,"InvCosInf":2.1,"RenCos":0.5,"TimStp":"month","Tech":"Data\/Panel\/NoEnhancment","Yield":32,"PeakSunHours":26.0141666667,"Latitude":50.262951,"Longitude":-5.0507,"Tilt":30,"Spacing":8.6359552728,"IRR":5,"Elevation":8.0796212087,"PanelID":"4110","Type":"Test Panel 4110","Life":10.0,"Burn-in":0.39,"Long-termDegradation":0.03,"Burn-inPeakSunHours":500,"Cost":0.245,"PowerDensity":54.88,"EnergyEfficiency":0.056,"Unnamed: 0":0,"0":"Data\/EnhancmentProfiles\/NoEnhancment.csv","1":1.0,"2":1.0,"3":1.0,"4":0.01,"5":1.0,"6":300.0,"ProjectNameT":"Groundmount PV Array","PVSize":5492.475,"SystemArea":59514.5773708536,"ProjectYield":1196.5061338532,"MaximumAreaForPanels":null,"PanelSize":400.0,"Location":"Fiji","Design":91197.3684210526,"Construction":759283.552631579,"Framing":428734.210526316,"DCcabling":84723.0263157895,"ACcabling":161099.342105263,"CivilWork(Panels)":139901.315789474,"CivilWork(general)":175494.736842105,"PVPanels":1356557.8947368399,"FixedProjectCosts":113937.5,"Freight(Panels)":90360.7403289474,"Freight(other)":60240.7894736842,"Inverters":519094.7368421049,"Controls":55698.6842105263}