Inputs.PrjLoc,Inputs.Tech,Outputs.LCOE


Stockholm,100,0.5376695680509426
Stockholm,100,0.1748232563368781
Stockholm,50,0.5700522610739426
Stockholm,50,0.19836703290334043
