{
    "Yield":[97,103,141,148,167,169,170,161,151,134,111,94],
    "PeakSunHours":[79.77333333,98.32933333,146.7746667,178.28,223.696,241.42,244.7346667,223.82,182.96,140.8433333,96.1,73.30466667],
    "Latitude":33.877827,
    "Longitude":35.524292,
    "Tilt":27,
    "Spacing":7,
    "IRR":7.5
}