{
    "Yield":[113.00,103.00,125.00,128.00,138.00,146.00,160.00,156.00,131.00,133.00,117.00,112.00],
    "PeakSunHours":[150.70,128.71,147.48,146.88,144.73,147.42,161.76,169.43,162.48,163.82,154.14,151.67],
    "Latitude":-11.609193,
    "Longitude":-60.161133,
    "Tilt":17,
    "Spacing":5,
    "IRR":9
}