{
    "Yield":[121,122,156,158,169,169,174,174,161,148,125,119],
    "PeakSunHours":[105.4000000000000000000,118.0200000000000000000,172.8508333333330000000,196.6500000000000000000,228.3925000000000000000,238.3000000000000000000,242.4458333333330000000,223.7941666666670000000,186.5000000000000000000,153.3466666666670000000,112.0250000000000000000,99.2000000000000000000],
    "Latitude":30.04442,
    "Longitude":31.235712,
    "Tilt":26,
    "Spacing":6,
    "IRR":12.5
}