{
    "Yield":[140,133,150,142,143,151,162,169,172,173,152,142],
    "PeakSunHours":[185.8966667,192.8613333,167.16,170.7893333,152.4,171.0166667,174.08,191.766,213.032,201.56,195.1346667,174.9],
    "Latitude":-5.969234,
    "Longitude":35.717583,
    "Tilt":9,
    "Spacing":5,
    "IRR":7.5
}