{
    "Yield":[121,109,108,83,69,57,70,87,103,117,114,126],
    "PeakSunHours":[188.635000000000000000,152.926666666667000000,124.620000000000000000,79.375000000000000000,49.806666666666700000,37.525000000000000000,46.138333333333300000,71.635833333333300000,104.150000000000000000,152.933333333333000000,177.425000000000000000,190.985833333333000000],
    "Latitude":-45.878761,
    "Longitude":170.502792,
    "Tilt":35,
    "Spacing":7,
    "IRR":7.5
}