{
    "Yield":[123,108,119,105,96,85,91,98,95,104,101,112],
    "PeakSunHours":[196.02333333333300,170.98666666666700,173.80666666666700,139.42500000000000,127.43583333333300,111.70000000000000,122.45000000000000,136.96833333333300,154.72500000000000,176.05416666666700,182.90000000000000,196.04916666666700],
    "Latitude":-18.112108,
    "Longitude":178.45359,
    "Tilt":12,
    "Spacing":5,
    "IRR":10
}