{
    "Yield":[110.00,110.00,156.00,174.00,191.00,167.00,155.00,159.00,167.00,194.00,167.00,136.00],
    "PeakSunHours":[104.59,112.30,177.71,224.72,247.48,215.14,198.40,184.33,168.84,164.38,121.56,102.92],
    "Latitude":18.998764,
    "Longitude":76.246176,
    "Tilt":34,
    "Spacing":5,
    "IRR":9
}