{
    "Yield":[137.00,140.00,164.00,154.00,143.00,111.00,97.00,103.00,116.00,140.00,132.00,131.00],
    "PeakSunHours":[125.61,138.02,182.82,199.18,207.60,171.20,135.06,137.52,141.00,153.24,130.88,120.36],
    "Latitude":24.367114,
    "Longitude":82.529297,
    "Tilt":26,
    "Spacing":5,
    "IRR":9
}