{
    "Yield":[160,150,158,128,113,97,97,103,130,138,125,148],
    "PeakSunHours":[205.22000000000000,190.65666666666700,205.89166666666700,177.20000000000000,165.33333333333300,148.57500000000000,159.15916666666700,164.99750000000000,184.10000000000000,194.31833333333300,170.50000000000000,188.40250000000000],
    "Latitude":-1.298404,
    "Longitude":36.822334,
    "Tilt":-1,
    "Spacing":5,
    "IRR":10
}