{
    "Yield":[125.00,132.00,162.00,161.00,161.00,165.00,174.00,169.00,154.00,144.00,123.00,118.00],
    "PeakSunHours":[81.70,94.60,144.96,170.00,206.56,220.14,231.26,200.86,152.62,115.71,82.32,72.54],
    "Latitude":40.696466,
    "Longitude":-4.74657,
    "Tilt":35,
    "Spacing":6,
    "IRR":5.5
}