{
    "Yield":[93.00,106.00,139.00,138.00,147.00,158.00,175.00,168.00,143.00,122.00,92.00,87.00],
    "PeakSunHours":[64.73,81.20,130.80,157.62,194.27,210.94,230.10,200.26,147.30,104.97,67.60,59.13],
    "Latitude":40.696466,
    "Longitude":-4.74657,
    "Tilt":34,
    "Spacing":6,
    "IRR":5.5
}