{
    "Yield":[136,124,133,115,108,95,104,112,120,136,134,142],
    "PeakSunHours":[201.96500000000000,174.83666666666700,169.05333333333300,138.62500000000000,120.43500000000000,103.57500000000000,117.92916666666700,135.80583333333300,156.10000000000000,185.58666666666700,199.72500000000000,216.97416666666700],
    "Latitude":-21.200266,
    "Longitude":-175.168487,
    "Tilt":20,
    "Spacing":6,
    "IRR":12.5
}