{
    "Yield":[23.00,50.00,83.00,104.00,120.00,113.00,119.00,105.00,85.00,62.00,30.00,19.00],
    "PeakSunHours":[19.59,35.54,76.12,112.50,142.39,144.62,145.82,121.00,88.00,50.78,23.96,15.33],
    "Latitude":51.930041,
    "Longitude":-0.348495,
    "Tilt":38,
    "Spacing":7,
    "IRR":1.7
}