ProjectName,PVSize,SystemArea,ProjectYield,MaximumAreaForPanels,PanelSize,Location,Design,Construction,Framing,DCcabling,ACcabling,CivilWork(Panels),CivilWork(general),PVPanels,FixedProjectCosts,Freight(Panels),Freight(other),Inverters,Controls,
Commercial Rooftop,4406.000000000000000,23247.675502702700000,997.691261538458000,,400.000000000000000,New Zealand (South Island),113030.288200000000000,1047581.930000000000000,223144.102500000000000,233888.683000000000000,394320.431600000000000,88717.197660000000000,105259.552300000000000,1354840.096000000000000,58542.750000000000000,81503.070940000000000,54335.380630000000000,196945.859300000000000,10986.327370000000000,10986.32737
