ProjectName,PVSize,SystemArea,ProjectYield,MaximumAreaForPanels,PanelSize,Location,Design,Construction,Framing,DCcabling,ACcabling,CivilWork(Panels),CivilWork(general),PVPanels,FixedProjectCosts,Freight(Panels),Freight(other),Inverters,Controls
Groundmount PV Array,5492.475000000000,59514.577370853600,1196.506133853150,,400.000000000000,Fiji,91197.368421052600,759283.552631579000,428734.210526316000,84723.026315789500,161099.342105263000,139901.315789474000,175494.736842105000,1356557.894736840000,113937.500000000000,90360.740328947400,60240.789473684200,519094.736842105000,55698.684210526300
